,precision,recall,f1-score,support
时间相关,0.9523809523809523,1.0,0.975609756097561,40.0
新闻相关,1.0,0.9696969696969697,0.9846153846153847,33.0
天气相关,1.0,0.96875,0.9841269841269841,32.0
accuracy,0.9809523809523809,0.9809523809523809,0.9809523809523809,0.9809523809523809
macro avg,0.9841269841269842,0.9794823232323232,0.9814507082799766,105.0
weighted avg,0.981859410430839,0.9809523809523809,0.9810358231264156,105.0
